0,0,0.848229376,-4.76837158203125e-07
0,50,1.061754112,0.6226778030395508
0,100,1.140118016,0.6261143684387207
0,150,1.291058688,0.6400794982910156
0,200,1.357626112,0.6313238143920898
0,250,1.502031616,0.6307854652404785
0,300,0.87107072,0.6128897666931152
0,350,0.908088064,0.6495585441589355
0,400,0.876640256,0.6384751796722412
0,450,0.910201088,0.6483018398284912
0,500,0.890218496,0.661043643951416
0,0,0.848229376,-4.76837158203125e-07
0,50,1.061754112,0.6233108043670654
0,100,1.147982336,0.6331682205200195
0,150,1.280630784,0.6229989528656006
0,200,1.337310464,0.6473407745361328
0,250,1.488275456,0.6436188220977783
0,300,0.879808256,0.655555248260498
0,350,0.908242176,0.6155381202697754
0,0,0.844440064,-4.76837158203125e-07
0,50,0.961655808,0.5915634632110596
0,100,0.891008,0.5888934135437012
0,150,0.941339648,0.5829269886016846
0,200,0.947631104,0.593289852142334
0,250,0.912536576,0.6053471565246582
0,300,0.922082048,0.6046054363250732
0,350,0.960115712,0.5777926445007324
0,400,0.89690624,0.5969390869140625
0,450,0.927446016,0.615257740020752
0,500,0.96276992,0.5805826187133789
0,550,0.907686912,0.6699652671813965
0,0,0.848229376,-4.76837158203125e-07
0,50,1.061754112,0.6136095523834229
0,0,0.846050816,-4.76837158203125e-07
0,50,0.858628608,0.5493528842926025
0,100,0.858628608,0.5693535804748535
0,150,0.857842176,0.5385525226593018
0,200,0.858628608,0.5498106479644775
0,250,0.858628608,0.5435593128204346
0,300,0.857842176,0.5456752777099609
0,350,0.858628608,0.5548508167266846
0,400,0.858628608,0.5532252788543701
0,450,0.857842176,0.5518026351928711
0,500,0.858628608,0.5383396148681641
0,550,0.858628608,0.5431766510009766
0,600,0.857842176,0.5447933673858643
0,650,0.858628608,0.5436038970947266
0,700,0.858628608,0.5524673461914062
0,750,0.857842176,0.5556855201721191
0,800,0.858628608,0.5593836307525635
0,850,0.858628608,0.5597190856933594
0,900,0.857842176,0.5472385883331299
0,950,0.858628608,0.5661289691925049
0,1000,0.858628608,0.555565357208252
0,0,0.875044864,-4.76837158203125e-07
0,50,0.88788352,0.5760030746459961
0,100,0.900466688,0.5833327770233154
0,150,0.900466432,0.5809245109558105
0,200,0.88788352,0.5747501850128174
0,250,0.900466688,0.5759141445159912
0,300,0.900466432,0.5770037174224854
0,350,0.88788352,0.5704035758972168
0,400,0.900466688,0.5760254859924316
0,450,0.900466432,0.5904238224029541
0,500,0.88788352,0.5722620487213135
0,550,0.900466688,0.5834407806396484
0,600,0.900466432,0.5795795917510986
0,650,0.88788352,0.6014337539672852
0,700,0.900466688,0.5837142467498779
0,750,0.900466432,0.6041350364685059
0,800,0.88788352,0.5778169631958008
0,850,0.900466688,0.5784251689910889
0,900,0.900466432,0.5840580463409424
0,950,0.88788352,0.5933833122253418
0,1000,0.900466688,0.5725605487823486
0,1050,0.900466432,0.5879695415496826
0,1100,0.88788352,0.5882606506347656
0,1150,0.900466688,0.5896751880645752
0,1200,0.900466432,0.5711119174957275
0,1250,0.88788352,0.580824613571167
0,1300,0.900466688,0.5802867412567139
0,1350,0.900466432,0.5825345516204834
0,1400,0.88788352,0.5766825675964355
0,1450,0.900466688,0.5725162029266357
0,1500,0.900466432,0.57623291015625
0,1550,0.88788352,0.5738770961761475
0,1600,0.900466688,0.5622110366821289
0,1650,0.900466432,0.5642857551574707
0,1700,0.88788352,0.5622334480285645
0,1750,0.900466688,0.5814580917358398
0,1800,0.900466432,0.5641052722930908
0,1850,0.88788352,0.5627975463867188
0,1900,0.900466688,0.5701272487640381
0,1950,0.900466432,0.5640065670013428
0,2000,0.88788352,0.5644474029541016
0,2050,0.900466688,0.566108226776123
0,2100,0.900466432,0.5749123096466064
0,2150,0.88788352,0.5706801414489746
0,2200,0.900466688,0.5766842365264893
0,2250,0.900466432,0.5651936531066895
0,2300,0.88788352,0.5657620429992676
0,2350,0.900466688,0.5603983402252197
0,2400,0.900466432,0.5731351375579834
0,2450,0.88788352,0.5700242519378662
0,2500,0.900466688,0.5683679580688477
0,2550,0.900466432,0.5731821060180664
0,2600,0.88788352,0.5688741207122803
0,2650,0.900466688,0.5664141178131104
0,2700,0.900466432,0.5663909912109375
0,2750,0.88788352,0.5712172985076904
0,2800,0.900466688,0.5667667388916016
0,2850,0.900466432,0.5703656673431396
0,2900,0.88788352,0.5677216053009033
0,2950,0.900466688,0.5708134174346924
0,3000,0.900466432,0.5758304595947266
0,3050,0.88788352,0.5737402439117432
0,3100,0.900466688,0.5781841278076172
0,3150,0.900466432,0.574131965637207
0,3200,0.88788352,0.5671396255493164
0,3250,0.900466688,0.5665955543518066
0,3300,0.900466432,0.5750026702880859
0,3350,0.88788352,0.577355146408081
0,3400,0.900466688,0.5805637836456299
0,3450,0.900466432,0.5685553550720215
0,3500,0.88788352,0.5683028697967529
0,3550,0.900466688,0.5854954719543457
0,3600,0.900466432,0.5764560699462891
0,3650,0.88788352,0.568396806716919
0,3700,0.900466688,0.5737512111663818
0,3750,0.900466432,0.5705010890960693
0,3800,0.88788352,0.5614593029022217
0,3850,0.900466688,0.5661318302154541
0,3900,0.900466432,0.5635733604431152
0,3950,0.88788352,0.5628602504730225
0,4000,0.900466688,0.5645816326141357
0,4050,0.900466432,0.5780758857727051
0,4100,0.88788352,0.5735001564025879
0,4150,0.900466688,0.5671889781951904
0,4200,0.900466432,0.560753345489502
0,4250,0.88788352,0.5785167217254639
0,4300,0.900466688,0.5735149383544922
0,4350,0.900466432,0.5796074867248535
0,4400,0.88788352,0.5895700454711914
0,4450,0.900466688,0.5803453922271729
0,4500,0.900466432,0.5984339714050293
0,4550,0.88788352,0.5674145221710205
0,4600,0.900466688,0.5837297439575195
0,4650,0.900466432,0.5872244834899902
0,4700,0.88788352,0.5811989307403564
0,4750,0.900466688,0.5886754989624023
0,4800,0.900466432,0.5948734283447266
0,4850,0.88788352,0.5661263465881348
0,4900,0.900466688,0.5803577899932861
0,4950,0.900466432,0.5655651092529297
0,5000,0.88788352,0.5718173980712891
0,5050,0.900466688,0.5652856826782227
0,5100,0.900466432,0.5706467628479004
0,5150,0.88788352,0.5700592994689941
0,5200,0.900466688,0.5944445133209229
0,5250,0.900466432,0.6019303798675537
0,5300,0.88788352,0.5735564231872559
0,5350,0.900466688,0.6040859222412109
0,5400,0.900466432,0.6050903797149658
0,5450,0.88788352,0.6042678356170654
0,5500,0.900466688,0.6047849655151367
0,5550,0.900466432,0.5758507251739502
0,5600,0.88788352,0.5800976753234863
0,5650,0.900466688,0.5967447757720947
0,5700,0.900466432,0.6034162044525146
0,5750,0.88788352,0.5879116058349609
0,5800,0.900466688,0.5904679298400879
0,5850,0.900466432,0.5893430709838867
0,5900,0.88788352,0.575526237487793
0,5950,0.900466688,0.5930767059326172
0,6000,0.900466432,0.5610308647155762
0,6050,0.88788352,0.5620706081390381
0,6100,0.900466688,0.5601530075073242
0,6150,0.900466432,0.5734479427337646
0,6200,0.88788352,0.5644586086273193
0,6250,0.900466688,0.5617311000823975
0,6300,0.900466432,0.5636742115020752
0,6350,0.88788352,0.5581302642822266
0,6400,0.900466688,0.5694425106048584
0,6450,0.900466432,0.5653879642486572
0,6500,0.88788352,0.5846333503723145
0,6550,0.900466688,0.5722184181213379
0,6600,0.900466432,0.5706465244293213
0,6650,0.88788352,0.5902090072631836
0,6700,0.900466688,0.5620675086975098
0,6750,0.900466432,0.5683846473693848
0,6800,0.88788352,0.5657296180725098
0,6850,0.900466688,0.5662407875061035
0,6900,0.900466432,0.5673065185546875
0,6950,0.88788352,0.562387228012085
0,7000,0.900466688,0.5752098560333252
0,7050,0.900466432,0.5597934722900391
0,7100,0.88788352,0.5733497142791748
0,7150,0.900466688,0.5712759494781494
0,7200,0.900466432,0.5717718601226807
0,7250,0.88788352,0.5746955871582031
0,7300,0.900466688,0.5685169696807861
0,7350,0.900466432,0.579901933670044
0,7400,0.88788352,0.5700938701629639
0,7450,0.900466688,0.5730156898498535
0,7500,0.900466432,0.5884826183319092
0,7550,0.88788352,0.5672636032104492
0,7600,0.900466688,0.5667831897735596
0,7650,0.900466432,0.5621426105499268
0,7700,0.88788352,0.5684981346130371
0,7750,0.900466688,0.572441577911377
0,7800,0.900466432,0.5581009387969971
0,7850,0.88788352,0.5670180320739746
0,7900,0.900466688,0.5689067840576172
0,7950,0.900466432,0.5596544742584229
0,8000,0.88788352,0.5734171867370605
0,8050,0.900466688,0.574012041091919
0,8100,0.900466432,0.5731208324432373
0,8150,0.88788352,0.5699119567871094
0,8200,0.900466688,0.5676126480102539
0,8250,0.900466432,0.5756227970123291
0,8300,0.88788352,0.568901777267456
0,8350,0.900466688,0.5808484554290771
0,8400,0.900466432,0.5800518989562988
0,8450,0.88788352,0.5715091228485107
0,8500,0.900466688,0.5847389698028564
0,8550,0.900466432,0.5811476707458496
0,8600,0.88788352,0.587693452835083
0,8650,0.900466688,0.5849473476409912
0,8700,0.900466432,0.5774729251861572
0,8750,0.88788352,0.588780403137207
0,8800,0.900466688,0.5795514583587646
0,8850,0.900466432,0.5817124843597412
0,8900,0.88788352,0.5769670009613037
0,8950,0.900466688,0.5828320980072021
0,9000,0.900466432,0.5808978080749512
0,9050,0.88788352,0.588268518447876
0,9100,0.900466688,0.5890007019042969
0,9150,0.900466432,0.577857255935669
0,9200,0.88788352,0.5741384029388428
0,9250,0.900466688,0.5759897232055664
0,9300,0.900466432,0.5610573291778564
0,9350,0.88788352,0.57181715965271
0,9400,0.900466688,0.5639724731445312
0,9450,0.900466432,0.5757849216461182
0,9500,0.88788352,0.5674641132354736
0,9550,0.900466688,0.5757739543914795
0,9600,0.900466432,0.5622034072875977
0,9650,0.88788352,0.5593259334564209
0,9700,0.900466688,0.5662503242492676
0,9750,0.900466432,0.5662257671356201
0,9800,0.88788352,0.5680222511291504
0,9850,0.900466688,0.5801429748535156
0,9900,0.900466432,0.5661358833312988
0,9950,0.88788352,0.5671327114105225
0,10000,0.900466688,0.5683040618896484
0,10050,0.900466432,0.5685667991638184
0,10100,0.88788352,0.5623829364776611
0,10150,0.900466688,0.5623159408569336
0,10200,0.900466432,0.5683729648590088
0,10250,0.88788352,0.5604002475738525
0,10300,0.900466688,0.5744760036468506
0,10350,0.900466432,0.5599563121795654
0,10400,0.88788352,0.5684611797332764
0,10450,0.900466688,0.5750954151153564
0,10500,0.900466432,0.5709550380706787
0,10550,0.88788352,0.5786712169647217
0,10600,0.900466688,0.5838234424591064
0,10650,0.900466432,0.5549526214599609
0,10700,0.88788352,0.5604970455169678
0,10750,0.900466688,0.560056209564209
0,10800,0.900466432,0.5604174137115479
0,10850,0.88788352,0.5670051574707031
0,10900,0.900466688,0.5896856784820557
0,10950,0.900466432,0.5668809413909912
0,11000,0.88788352,0.570730447769165
0,11050,0.900466688,0.5904178619384766
0,11100,0.900466432,0.5843663215637207
0,11150,0.88788352,0.5576086044311523
0,11200,0.900466688,0.5599796772003174
0,11250,0.900466432,0.6052489280700684
0,11300,0.88788352,0.565833568572998
0,11350,0.900466688,0.5788898468017578
0,11400,0.900466432,0.5703184604644775
0,11450,0.88788352,0.5897965431213379
0,11500,0.900466688,0.5920383930206299
0,11550,0.900466432,0.56870436668396
0,11600,0.88788352,0.5855929851531982
0,11650,0.900466688,0.5927233695983887
0,11700,0.900466432,0.60642409324646
0,11750,0.88788352,0.6037530899047852
0,11800,0.900466688,0.5933277606964111
0,11850,0.900466432,0.5882411003112793
0,11900,0.88788352,0.5996434688568115
0,11950,0.900466688,0.559415340423584
0,12000,0.900466432,0.6058845520019531
0,12050,0.88788352,0.6037683486938477
0,12100,0.900466688,0.5934669971466064
0,12150,0.900466432,0.5966341495513916
0,12200,0.88788352,0.5883080959320068
0,12250,0.900466688,0.6064407825469971
0,12300,0.900466432,0.588808536529541
0,12350,0.88788352,0.5986356735229492
0,12400,0.900466688,0.585486650466919
0,12450,0.900466432,0.5985848903656006
0,12500,0.88788352,0.6048800945281982
0,12550,0.900466688,0.5833075046539307
0,12600,0.900466432,0.5848302841186523
0,12650,0.88788352,0.5892961025238037
0,12700,0.900466688,0.5871176719665527
0,12750,0.900466432,0.5859668254852295
0,12800,0.88788352,0.5811800956726074
0,12850,0.900466688,0.5719387531280518
0,12900,0.900466432,0.5899147987365723
0,12950,0.88788352,0.5784628391265869
0,13000,0.900466688,0.5885162353515625
0,13050,0.900466432,0.5866191387176514
0,13100,0.88788352,0.5938875675201416
0,13150,0.900466688,0.5656421184539795
0,13200,0.900466432,0.588599443435669
0,13250,0.88788352,0.5912230014801025
0,13300,0.900466688,0.5787837505340576
0,13350,0.900466432,0.5598187446594238
0,13400,0.88788352,0.6018238067626953
0,13450,0.900466688,0.6069638729095459
0,13500,0.900466432,0.5841972827911377
0,13550,0.88788352,0.5639092922210693
0,13600,0.900466688,0.5845794677734375
0,13650,0.900466432,0.5669815540313721
0,13700,0.88788352,0.5865812301635742
0,13750,0.900466688,0.5589087009429932
0,13800,0.900466432,0.5635519027709961
0,13850,0.88788352,0.568509578704834
0,13900,0.900466688,0.5635764598846436
0,13950,0.900466432,0.5871570110321045
0,14000,0.88788352,0.5871858596801758
0,14050,0.900466688,0.5577657222747803
0,14100,0.900466432,0.5898330211639404
0,14150,0.88788352,0.569523811340332
0,14200,0.900466688,0.5788264274597168
0,14250,0.900466432,0.5812160968780518
0,14300,0.88788352,0.5884683132171631
0,14350,0.900466688,0.5905506610870361
0,14400,0.900466432,0.5706021785736084
0,14450,0.88788352,0.5810503959655762
0,14500,0.900466688,0.5635473728179932
0,14550,0.900466432,0.5741631984710693
0,14600,0.88788352,0.567500114440918
0,14650,0.900466688,0.569223165512085
0,14700,0.900466432,0.5641133785247803
0,14750,0.88788352,0.567857027053833
0,14800,0.900466688,0.5807099342346191
0,14850,0.900466432,0.6040525436401367
0,14900,0.88788352,0.5676524639129639
0,14950,0.900466688,0.5747134685516357
0,15000,0.900466432,0.5657637119293213
0,15050,0.88788352,0.5628471374511719
0,15100,0.900466688,0.5768709182739258
0,15150,0.900466432,0.5829579830169678
0,15200,0.88788352,0.5685012340545654
0,15250,0.900466688,0.5722649097442627
0,15300,0.900466432,0.5686085224151611
0,15350,0.88788352,0.5920882225036621
0,15400,0.900466688,0.563941240310669
0,15450,0.900466432,0.5830817222595215
0,15500,0.88788352,0.6081905364990234
0,15550,0.900466688,0.5829286575317383
0,15600,0.900466432,0.5796370506286621
0,15650,0.88788352,0.6004412174224854
0,15700,0.900466688,0.5886580944061279
0,15750,0.900466432,0.5795269012451172
0,15800,0.88788352,0.5959053039550781
0,15850,0.900466688,0.5662648677825928
0,15900,0.900466432,0.588843584060669
0,15950,0.88788352,0.5798711776733398
0,16000,0.900466688,0.575110673904419
0,16050,0.900466432,0.5757811069488525
0,16100,0.88788352,0.5821425914764404
0,16150,0.900466688,0.574007511138916
0,16200,0.900466432,0.5684628486633301
0,16250,0.88788352,0.5643422603607178
0,16300,0.900466688,0.5901961326599121
0,16350,0.900466432,0.5735023021697998
0,16400,0.88788352,0.5824859142303467
0,16450,0.900466688,0.5879936218261719
0,16500,0.900466432,0.5769381523132324
0,16550,0.88788352,0.5793273448944092
0,16600,0.900466688,0.5879769325256348
0,16650,0.900466432,0.5856642723083496
0,16700,0.88788352,0.581596851348877
0,16750,0.900466688,0.5988800525665283
0,16800,0.900466432,0.574608325958252
0,16850,0.88788352,0.5897557735443115
0,16900,0.900466688,0.5781195163726807
0,16950,0.900466432,0.5678427219390869
0,17000,0.88788352,0.571629524230957
0,17050,0.900466688,0.565575122833252
0,17100,0.900466432,0.5653657913208008
0,17150,0.88788352,0.5890665054321289
0,17200,0.900466688,0.568469762802124
0,17250,0.900466432,0.5669381618499756
0,17300,0.88788352,0.5678775310516357
0,17350,0.900466688,0.5604512691497803
0,17400,0.900466432,0.5638203620910645
0,17450,0.88788352,0.5718259811401367
0,17500,0.900466688,0.5632889270782471
0,17550,0.900466432,0.5902764797210693
0,17600,0.88788352,0.566474437713623
0,17650,0.900466688,0.5658524036407471
0,17700,0.900466432,0.5724101066589355
0,17750,0.88788352,0.5702779293060303
0,17800,0.900466688,0.5712802410125732
0,17850,0.900466432,0.5909321308135986
0,17900,0.88788352,0.5581896305084229
0,17950,0.900466688,0.576951265335083
0,18000,0.900466432,0.5675134658813477
0,18050,0.88788352,0.5920274257659912
0,18100,0.900466688,0.5647029876708984
0,18150,0.900466432,0.5785079002380371
0,18200,0.88788352,0.5791940689086914
0,18250,0.900466688,0.5774085521697998
0,18300,0.900466432,0.5583968162536621
0,18350,0.88788352,0.5666570663452148
0,18400,0.900466688,0.5702862739562988
0,18450,0.900466432,0.5692195892333984
0,18500,0.88788352,0.5618546009063721
0,18550,0.900466688,0.5655307769775391
0,18600,0.900466432,0.5919997692108154
0,18650,0.88788352,0.5606710910797119
0,18700,0.900466688,0.5584850311279297
0,18750,0.900466432,0.5760970115661621
0,18800,0.88788352,0.585320234298706
0,18850,0.900466688,0.5851523876190186
0,18900,0.900466432,0.5788416862487793
0,18950,0.88788352,0.591010570526123
0,19000,0.900466688,0.5680985450744629
0,19050,0.900466432,0.5762073993682861
0,19100,0.88788352,0.5771660804748535
0,19150,0.900466688,0.5733520984649658
0,19200,0.900466432,0.60024094581604
0,19250,0.88788352,0.5733942985534668
0,19300,0.900466688,0.5933353900909424
0,19350,0.900466432,0.5793688297271729
0,19400,0.88788352,0.5883538722991943
0,19450,0.900466688,0.5816881656646729
0,19500,0.900466432,0.5848238468170166
0,19550,0.88788352,0.5863091945648193
0,19600,0.900466688,0.5978760719299316
0,19650,0.900466432,0.5979766845703125
0,19700,0.88788352,0.5772595405578613
0,19750,0.900466688,0.5747494697570801
0,19800,0.900466432,0.5838677883148193
0,19850,0.88788352,0.5702135562896729
0,19900,0.900466688,0.5881919860839844
0,19950,0.900466432,0.6065998077392578
0,20000,0.88788352,0.5950157642364502
0,20050,0.900466688,0.5841050148010254
0,20100,0.900466432,0.577092170715332
0,20150,0.88788352,0.6082913875579834
0,20200,0.900466688,0.602147102355957
0,20250,0.900466432,0.5778789520263672
0,20300,0.88788352,0.6107287406921387
0,20350,0.900466688,0.5841617584228516
0,20400,0.900466432,0.6047117710113525
0,20450,0.88788352,0.5914509296417236
0,20500,0.900466688,0.5767667293548584
0,20550,0.900466432,0.5914051532745361
0,20600,0.88788352,0.5651934146881104
0,20650,0.900466688,0.5901679992675781
0,20700,0.900466432,0.5631096363067627
0,20750,0.88788352,0.5611298084259033
0,20800,0.900466688,0.5709183216094971
0,20850,0.900466432,0.5660192966461182
0,20900,0.88788352,0.561725378036499
0,20950,0.900466688,0.5664429664611816
0,21000,0.900466432,0.5561189651489258
0,21050,0.88788352,0.5600619316101074
0,21100,0.900466688,0.5962519645690918
0,21150,0.900466432,0.5805468559265137
0,21200,0.88788352,0.5881149768829346
0,21250,0.900466688,0.589897871017456
0,21300,0.900466432,0.5751402378082275
0,21350,0.88788352,0.5653445720672607
0,21400,0.900466688,0.5799174308776855
0,21450,0.900466432,0.576634407043457
0,21500,0.88788352,0.5762429237365723
0,21550,0.900466688,0.5917356014251709
0,21600,0.900466432,0.597597599029541
0,21650,0.88788352,0.5767583847045898
0,21700,0.900466688,0.5872716903686523
0,21750,0.900466432,0.5774948596954346
0,21800,0.88788352,0.5675513744354248
0,21850,0.900466688,0.5720293521881104
0,21900,0.900466432,0.5595288276672363
0,21950,0.88788352,0.564202070236206
0,22000,0.900466688,0.5907959938049316
0,22050,0.900466432,0.564399242401123
0,22100,0.88788352,0.5776762962341309
0,22150,0.900466688,0.5652506351470947
0,22200,0.900466432,0.5575733184814453
0,22250,0.88788352,0.568683385848999
0,22300,0.900466688,0.5641839504241943
0,22350,0.900466432,0.5800917148590088
0,22400,0.88788352,0.5655696392059326
0,22450,0.900466688,0.5703256130218506
0,22500,0.900466432,0.56235671043396
0,22550,0.88788352,0.5809295177459717
0,22600,0.900466688,0.5771007537841797
0,22650,0.900466432,0.5607695579528809
0,22700,0.88788352,0.5694091320037842
0,22750,0.900466688,0.5677411556243896
0,22800,0.900466432,0.5918607711791992
0,22850,0.88788352,0.5770893096923828
0,22900,0.900466688,0.566638708114624
0,22950,0.900466432,0.562720537185669
0,23000,0.88788352,0.5677828788757324
0,23050,0.900466688,0.5612328052520752
0,23100,0.900466432,0.575416088104248
0,23150,0.88788352,0.578824520111084
0,23200,0.900466688,0.5761632919311523
0,23250,0.900466432,0.5795931816101074
0,23300,0.88788352,0.5624463558197021
0,23350,0.900466688,0.5652713775634766
0,23400,0.900466432,0.5637547969818115
0,23450,0.88788352,0.559525728225708
0,23500,0.900466688,0.587810754776001
0,23550,0.900466432,0.5626702308654785
0,23600,0.88788352,0.5576450824737549
0,23650,0.900466688,0.6096353530883789
0,23700,0.900466432,0.5935766696929932
0,23750,0.88788352,0.595003604888916
0,23800,0.900466688,0.564915657043457
0,23850,0.900466432,0.5843706130981445
0,23900,0.88788352,0.6237249374389648
0,23950,0.900466688,0.5818576812744141
0,24000,0.900466432,0.5974736213684082
0,24050,0.88788352,0.5771276950836182
0,24100,0.900466688,0.5800211429595947
0,24150,0.900466432,0.5753846168518066
0,24200,0.88788352,0.5724751949310303
0,24250,0.900466688,0.5858478546142578
0,24300,0.900466432,0.6028759479522705
0,24350,0.88788352,0.5766761302947998
0,24400,0.900466688,0.5859766006469727
0,24450,0.900466432,0.5911703109741211
0,24500,0.88788352,0.5752701759338379
0,24550,0.900466688,0.5758166313171387
0,24600,0.900466432,0.6032001972198486
0,24650,0.88788352,0.5781245231628418
0,24700,0.900466688,0.5678102970123291
0,24750,0.900466432,0.5634028911590576
0,24800,0.88788352,0.5909719467163086
0,24850,0.900466688,0.5733432769775391
0,24900,0.900466432,0.5705761909484863
0,24950,0.933198848,0.5320870876312256
0,25000,0.933284608,0.52779221534729
0,25050,0.933284608,0.5368988513946533
0,25100,0.933284608,0.545464277267456
0,25150,0.933284608,0.5494439601898193
0,25200,0.933284608,0.5300796031951904
0,25250,0.933284608,0.5155181884765625
0,25300,0.933284608,0.5070569515228271
0,25350,0.933284608,0.5274698734283447
0,25400,0.933284608,0.5151889324188232
0,25450,0.933284608,0.5347232818603516
0,25500,0.933284608,0.5126907825469971
0,25550,0.933284608,0.5334329605102539
0,25600,0.933284608,0.5133471488952637
0,25650,0.933284608,0.538304328918457
0,25700,0.933284608,0.5305233001708984
0,25750,0.933284608,0.5393028259277344
0,25800,0.933284608,0.507300615310669
0,25850,0.933284608,0.5290572643280029
0,25900,0.933284608,0.5305821895599365
0,25950,0.933284608,0.5022923946380615
0,26000,0.933284608,0.5037155151367188
0,26050,0.933284608,0.5083584785461426
0,26100,0.933284608,0.5083239078521729
0,26150,0.933284608,0.5433249473571777
0,26200,0.933284608,0.5226750373840332
0,26250,0.933284608,0.5273642539978027
0,26300,0.933284608,0.5440711975097656
0,26350,0.933284608,0.5302207469940186
0,26400,0.933284608,0.5237207412719727
0,26450,0.933284608,0.5193901062011719
0,26500,0.933284608,0.5231969356536865
0,26550,0.933284608,0.5168352127075195
0,26600,0.933284608,0.5182473659515381
0,26650,0.933284608,0.5256705284118652
0,26700,0.933284608,0.523334264755249
0,26750,0.933284608,0.511643648147583
0,26800,0.933284608,0.5179855823516846
0,26850,0.933284608,0.5477135181427002
0,26900,0.933284608,0.5103278160095215
0,26950,0.933284608,0.5238213539123535
0,27000,0.933284608,0.5073301792144775
0,27050,0.933284608,0.5209355354309082
0,27100,0.933284608,0.5094900131225586
0,27150,0.933284608,0.5213985443115234
0,27200,0.933284608,0.506829023361206
0,27250,0.933284608,0.5120408535003662
0,27300,0.933284608,0.528404712677002
0,27350,0.933284608,0.5169639587402344
0,27400,0.933284608,0.5313007831573486
0,27450,0.933284608,0.5171220302581787
0,27500,0.933284608,0.5208663940429688
0,27550,0.933284608,0.515061616897583
0,27600,0.933284608,0.525374174118042
0,27650,0.933284608,0.5295841693878174
0,27700,0.933284608,0.524235725402832
0,27750,0.933284608,0.5457274913787842
0,27800,0.933284608,0.5240046977996826
0,27850,0.933284608,0.5354413986206055
0,27900,0.933284608,0.5183818340301514
0,27950,0.933284608,0.5195567607879639
0,28000,0.933284608,0.5201797485351562
0,28050,0.933284608,0.5276551246643066
0,28100,0.933284608,0.5475280284881592
0,28150,0.933284608,0.5287106037139893
0,28200,0.933284608,0.5303845405578613
0,28250,0.933284608,0.5187790393829346
0,28300,0.933284608,0.5126171112060547
0,28350,0.933284608,0.545006513595581
0,28400,0.933284608,0.5443482398986816
0,28450,0.933284608,0.5503642559051514
0,28500,0.933284608,0.5177731513977051
0,28550,0.933284608,0.5235536098480225
0,28600,0.933284608,0.5125277042388916
0,28650,0.933284608,0.5446693897247314
0,28700,0.933284608,0.5113391876220703
0,28750,0.933284608,0.5362911224365234
0,28800,0.933284608,0.5322034358978271
0,28850,0.933284608,0.5063815116882324
0,28900,0.933284608,0.5102167129516602
0,28950,0.933284608,0.5145876407623291
0,29000,0.933284608,0.51393723487854
0,29050,0.933284608,0.5201377868652344
0,29100,0.933284608,0.5113558769226074
0,29150,0.933284608,0.5433120727539062
0,29200,0.933284608,0.5078487396240234
0,29250,0.933284608,0.5194652080535889
0,29300,0.933284608,0.5424654483795166
0,29350,0.933284608,0.5531563758850098
0,29400,0.933284608,0.5346710681915283
0,29450,0.933284608,0.5223724842071533
0,29500,0.933284608,0.5212001800537109
0,29550,0.933284608,0.535111665725708
0,29600,0.933284608,0.5162959098815918
0,29650,0.933284608,0.5425982475280762
0,29700,0.933284608,0.5446157455444336
0,29750,0.933284608,0.5318777561187744
0,29800,0.933284608,0.553837776184082
0,29850,0.933284608,0.5150322914123535
0,29900,0.933284608,0.513146162033081
0,29950,0.933284608,0.535029411315918
0,30000,0.933284608,0.5221264362335205
0,30050,0.933284608,0.54402756690979
0,30100,0.933284608,0.5143606662750244
0,30150,0.933284608,0.5273463726043701
0,30200,0.933284608,0.5317649841308594
0,30250,0.933284608,0.5230371952056885
0,30300,0.933284608,0.5271673202514648
0,30350,0.933284608,0.5537757873535156
0,30400,0.933284608,0.5433895587921143
0,30450,0.933284608,0.5429534912109375
0,30500,0.933284608,0.5242307186126709
0,30550,0.933284608,0.5524108409881592
0,30600,0.933284608,0.5295331478118896
0,30650,0.933284608,0.5176835060119629
0,30700,0.933284608,0.5445029735565186
0,30750,0.933284608,0.5057458877563477
0,30800,0.933284608,0.5553081035614014
0,30850,0.933284608,0.507127046585083
0,30900,0.933284608,0.5353744029998779
0,30950,0.933284608,0.5159003734588623
0,31000,0.933284608,0.5052473545074463
0,31050,0.933284608,0.531296968460083
0,31100,0.933284608,0.5100162029266357
0,31150,0.933284608,0.5009281635284424
0,31200,0.933284608,0.5251107215881348
0,31250,0.933284608,0.5091056823730469
0,31300,0.933284608,0.5110557079315186
0,31350,0.933284608,0.5152425765991211
0,31400,0.933284608,0.5094375610351562
0,31450,0.933284608,0.5103681087493896
0,31500,0.933284608,0.5069000720977783
0,31550,0.933284608,0.515338659286499
0,31600,0.933284608,0.5130221843719482
0,31650,0.933284608,0.5152280330657959
0,31700,0.933284608,0.5066959857940674
0,31750,0.933284608,0.5208878517150879
0,31800,0.933284608,0.5220441818237305
0,31850,0.933284608,0.5166468620300293
0,31900,0.933284608,0.5180473327636719
0,31950,0.933284608,0.5139644145965576
0,32000,0.933284608,0.5093121528625488
0,32050,0.933284608,0.511056661605835
0,32100,0.933284608,0.5106081962585449
0,32150,0.933284608,0.5183675289154053
0,32200,0.933284608,0.5448801517486572
0,32250,0.933284608,0.5418539047241211
0,32300,0.933284608,0.5136439800262451
0,32350,0.933284608,0.5076916217803955
0,32400,0.933284608,0.5451817512512207
0,32450,0.933284608,0.5428943634033203
0,32500,0.933284608,0.5165755748748779
0,32550,0.933284608,0.546201229095459
0,32600,0.933284608,0.5124983787536621
0,32650,0.933284608,0.5131549835205078
0,32700,0.933284608,0.5062901973724365
0,32750,0.933284608,0.5337653160095215
0,32800,0.933284608,0.5252323150634766
0,32850,0.933284608,0.514542818069458
0,32900,0.933284608,0.5171663761138916
0,32950,0.933284608,0.5246977806091309
0,33000,0.933284608,0.5444319248199463
0,33050,0.933284608,0.5179457664489746
0,33100,0.933284608,0.5044400691986084
0,33150,0.933284608,0.5266988277435303
0,33200,0.933284608,0.5327789783477783
0,33250,0.933284608,0.5289449691772461
0,33300,0.933284608,0.523097038269043
0,33350,0.933284608,0.5418705940246582
0,33400,0.933284608,0.5304691791534424
0,33450,0.933284608,0.5366637706756592
0,33500,0.933284608,0.5197334289550781
0,33550,0.933284608,0.5331826210021973
0,33600,0.933284608,0.5376832485198975
0,33650,0.933284608,0.5171999931335449
0,33700,0.933284608,0.5326676368713379
0,33750,0.933284608,0.5420584678649902
0,33800,0.933284608,0.5195708274841309
0,33850,0.933284608,0.5201494693756104
0,33900,0.933284608,0.5411407947540283
0,33950,0.933284608,0.5206537246704102
0,34000,0.933284608,0.5352046489715576
0,34050,0.933284608,0.5445964336395264
0,34100,0.933284608,0.5259876251220703
0,34150,0.933284608,0.5303962230682373
0,34200,0.933284608,0.5418710708618164
0,34250,0.933284608,0.5095436573028564
0,34300,0.933284608,0.5491898059844971
0,34350,0.933284608,0.5100083351135254
0,34400,0.933284608,0.5122568607330322
0,34450,0.933284608,0.5077803134918213
0,34500,0.933284608,0.5134766101837158
0,34550,0.933284608,0.5121843814849854
0,34600,0.933284608,0.5087480545043945
0,34650,0.933284608,0.5121731758117676
0,34700,0.933284608,0.5276024341583252
0,34750,0.933284608,0.5155117511749268
0,34800,0.933284608,0.5269887447357178
0,34850,0.933284608,0.5084207057952881
0,34900,0.933284608,0.5478193759918213
0,34950,0.933284608,0.5096335411071777
0,35000,0.933284608,0.510901927947998
0,35050,0.933284608,0.5144121646881104
0,35100,0.933284608,0.5163376331329346
0,35150,0.933284608,0.5091099739074707
0,35200,0.933284608,0.5378503799438477
0,35250,0.933284608,0.5055439472198486
0,35300,0.933284608,0.5288960933685303
0,35350,0.933284608,0.5156233310699463
0,35400,0.933284608,0.5351736545562744
0,35450,0.933284608,0.5037949085235596
0,35500,0.933284608,0.5089235305786133
0,35550,0.933284608,0.5402126312255859
0,35600,0.933284608,0.5371167659759521
0,35650,0.933284608,0.5135960578918457
0,35700,0.933284608,0.5014245510101318
0,35750,0.933284608,0.505728006362915
0,35800,0.933284608,0.5084102153778076
0,35850,0.933284608,0.5299429893493652
0,35900,0.933284608,0.5105032920837402
0,35950,0.933284608,0.5404365062713623
0,36000,0.933284608,0.5166616439819336
0,36050,0.933284608,0.5317113399505615
0,36100,0.933284608,0.5101521015167236
0,36150,0.933284608,0.5326323509216309
0,36200,0.933284608,0.5325236320495605
0,36250,0.933284608,0.5629124641418457
0,36300,0.933284608,0.5584986209869385
0,36350,0.933284608,0.5406792163848877
0,36400,0.933284608,0.5220541954040527
0,36450,0.933284608,0.5288534164428711
0,36500,0.933284608,0.5090498924255371
0,36550,0.933284608,0.536766529083252
0,36600,0.933284608,0.5110855102539062
0,36650,0.933284608,0.5472655296325684
0,36700,0.933284608,0.5197799205780029
0,36750,0.933284608,0.5557241439819336
0,36800,0.933284608,0.5420248508453369
0,36850,0.933284608,0.5386807918548584
0,36900,0.933284608,0.5648577213287354
0,36950,0.933284608,0.5269432067871094
0,37000,0.933284608,0.5460631847381592
0,37050,0.933284608,0.537635087966919
0,37100,0.933284608,0.5402543544769287
0,37150,0.933284608,0.5499517917633057
0,37200,0.933284608,0.5391643047332764
0,37250,0.933284608,0.5356793403625488
0,37300,0.933284608,0.544661283493042
0,37350,0.933284608,0.5389962196350098
0,37400,0.933284608,0.5341181755065918
0,37450,0.933284608,0.5241639614105225
0,37500,0.933284608,0.5220606327056885
0,37550,0.933284608,0.5190870761871338
0,37600,0.933284608,0.5201952457427979
0,37650,0.933284608,0.5048003196716309
0,37700,0.933284608,0.5157933235168457
0,37750,0.933284608,0.5129504203796387
0,37800,0.933284608,0.5198729038238525
0,37850,0.933284608,0.5079834461212158
0,37900,0.933284608,0.5041165351867676
0,37950,0.933284608,0.5080671310424805
0,38000,0.933284608,0.5082359313964844
0,38050,0.933284608,0.513197660446167
0,38100,0.933284608,0.5435874462127686
0,38150,0.933284608,0.5130350589752197
0,38200,0.933284608,0.5190944671630859
0,38250,0.933284608,0.5319888591766357
0,38300,0.933284608,0.5550940036773682
0,38350,0.933284608,0.5402255058288574
0,38400,0.933284608,0.5138142108917236
0,38450,0.933284608,0.5134408473968506
0,38500,0.933284608,0.5129849910736084
0,38550,0.933284608,0.5370335578918457
0,38600,0.933284608,0.5136294364929199
0,38650,0.933284608,0.5169470310211182
0,38700,0.933284608,0.5182099342346191
0,38750,0.933284608,0.535008430480957
0,38800,0.933284608,0.516047477722168
0,38850,0.933284608,0.5034728050231934
0,38900,0.933284608,0.5390431880950928
0,38950,0.933284608,0.5115156173706055
0,39000,0.933284608,0.5068767070770264
0,39050,0.933284608,0.543353796005249
0,39100,0.933284608,0.5092761516571045
0,39150,0.933284608,0.514484167098999
0,39200,0.933284608,0.5112137794494629
0,39250,0.933284608,0.5491483211517334
0,39300,0.933284608,0.5317592620849609
0,39350,0.933284608,0.5096254348754883
0,39400,0.933284608,0.5369040966033936
0,39450,0.933284608,0.541165828704834
0,39500,0.933284608,0.5223016738891602
0,39550,0.933284608,0.5498051643371582
0,39600,0.933284608,0.5420470237731934
0,39650,0.933284608,0.5239319801330566
0,39700,0.933284608,0.5110130310058594
0,39750,0.933284608,0.5085585117340088
0,39800,0.933284608,0.5432529449462891
0,39850,0.933284608,0.5032298564910889
0,39900,0.933284608,0.5066816806793213
0,39950,0.933284608,0.5051476955413818
0,40000,0.933284608,0.5107951164245605
0,40050,0.933284608,0.5096597671508789
0,40100,0.933284608,0.5149292945861816
0,40150,0.933284608,0.5103650093078613
0,40200,0.933284608,0.5096001625061035
0,40250,0.933284608,0.5058271884918213
0,40300,0.933284608,0.5137734413146973
0,40350,0.933284608,0.5161819458007812
0,40400,0.933284608,0.5302274227142334
0,40450,0.933284608,0.5084047317504883
0,40500,0.933284608,0.5276596546173096
0,40550,0.933284608,0.530656099319458
0,40600,0.933284608,0.517977237701416
0,40650,0.933284608,0.5148942470550537
0,40700,0.933284608,0.5273935794830322
0,40750,0.933284608,0.5280590057373047
0,40800,0.933284608,0.5325701236724854
0,40850,0.933284608,0.533358097076416
0,40900,0.933284608,0.5560274124145508
0,40950,0.933284608,0.5183351039886475
0,41000,0.933284608,0.5123229026794434
0,41050,0.933284608,0.5195307731628418
0,41100,0.933284608,0.5134382247924805
0,41150,0.933284608,0.531090497970581
0,41200,0.933284608,0.5153095722198486
0,41250,0.933284608,0.551295280456543
0,41300,0.933284608,0.5193257331848145
0,41350,0.933284608,0.5509054660797119
0,41400,0.933284608,0.5440661907196045
0,41450,0.933284608,0.5451509952545166
0,41500,0.933284608,0.5356884002685547
0,41550,0.933284608,0.5525829792022705
0,41600,0.933284608,0.5406200885772705
0,41650,0.933284608,0.5364463329315186
0,41700,0.933284608,0.5223889350891113
0,41750,0.933284608,0.5425782203674316
0,41800,0.933284608,0.5039305686950684
0,41850,0.933284608,0.5327587127685547
0,41900,0.933284608,0.5169997215270996
0,41950,0.933284608,0.5243873596191406
0,42000,0.933284608,0.5064606666564941
0,42050,0.933284608,0.5056173801422119
0,42100,0.933284608,0.5148632526397705
0,42150,0.933284608,0.5124976634979248
0,42200,0.933284608,0.5264186859130859
0,42250,0.933284608,0.5046029090881348
0,42300,0.933284608,0.5110135078430176
0,42350,0.933284608,0.5323464870452881
0,42400,0.933284608,0.5144081115722656
0,42450,0.933284608,0.5346469879150391
0,42500,0.933284608,0.5061197280883789
0,42550,0.933284608,0.5053973197937012
0,42600,0.933284608,0.5084922313690186
0,42650,0.933284608,0.5093340873718262
0,42700,0.933284608,0.5449299812316895
0,42750,0.933284608,0.5377819538116455
0,42800,0.933284608,0.5345883369445801
0,42850,0.933284608,0.5118653774261475
0,42900,0.933284608,0.5123894214630127
0,42950,0.933284608,0.5170173645019531
0,43000,0.933284608,0.5103695392608643
0,43050,0.933284608,0.5075826644897461
0,43100,0.933284608,0.505748987197876
0,43150,0.933284608,0.5140550136566162
0,43200,0.933284608,0.5176210403442383
0,43250,0.933284608,0.5106422901153564
0,43300,0.933284608,0.5095059871673584
0,43350,0.933284608,0.513340950012207
0,43400,0.933284608,0.5197277069091797
0,43450,0.933284608,0.5504405498504639
0,43500,0.933284608,0.5177836418151855
0,43550,0.933284608,0.507612943649292
0,43600,0.933284608,0.5286669731140137
0,43650,0.933284608,0.5288629531860352
0,43700,0.933284608,0.512747049331665
0,43750,0.933284608,0.5368363857269287
0,43800,0.933284608,0.5280425548553467
0,43850,0.933284608,0.524153470993042
0,43900,0.933284608,0.5432727336883545
0,43950,0.933284608,0.5282213687896729
0,44000,0.933284608,0.548469066619873
0,44050,0.933284608,0.527332067489624
0,44100,0.933284608,0.523493766784668
0,44150,0.933284608,0.5191390514373779
0,44200,0.933284608,0.5399792194366455
0,44250,0.933284608,0.514833927154541
0,44300,0.933284608,0.5170943737030029
0,44350,0.933284608,0.524327278137207
0,44400,0.933284608,0.5133469104766846
0,44450,0.933284608,0.5401318073272705
0,44500,0.933284608,0.552764892578125
0,44550,0.933284608,0.5452189445495605
0,44600,0.933284608,0.5443220138549805
0,44650,0.933284608,0.5248959064483643
0,44700,0.933284608,0.5388054847717285
0,44750,0.933284608,0.5373020172119141
0,44800,0.933284608,0.5449082851409912
0,44850,0.933284608,0.5248508453369141
0,44900,0.933284608,0.5155384540557861
0,44950,0.933284608,0.5514400005340576
0,45000,0.933284608,0.5517964363098145
0,45050,0.933284608,0.532036304473877
0,45100,0.933284608,0.5488877296447754
0,45150,0.933284608,0.5244331359863281
0,45200,0.933284608,0.5394580364227295
0,45250,0.933284608,0.5555369853973389
0,45300,0.933284608,0.5502023696899414
0,45350,0.933284608,0.5145225524902344
0,45400,0.933284608,0.5563530921936035
0,45450,0.933284608,0.52968430519104
0,45500,0.933284608,0.5098283290863037
0,45550,0.933284608,0.543327808380127
0,45600,0.933284608,0.5296964645385742
0,45650,0.933284608,0.5052802562713623
0,45700,0.933284608,0.5146031379699707
0,45750,0.933284608,0.5111496448516846
0,45800,0.933284608,0.5181453227996826
0,45850,0.933284608,0.518010139465332
0,45900,0.933284608,0.5190637111663818
0,45950,0.933284608,0.5175988674163818
0,46000,0.933284608,0.5060877799987793
0,46050,0.933284608,0.5064799785614014
0,46100,0.933284608,0.5098879337310791
0,46150,0.933284608,0.5239303112030029
0,46200,0.933284608,0.5177226066589355
0,46250,0.933284608,0.5288784503936768
0,46300,0.933284608,0.5211050510406494
0,46350,0.933284608,0.5190186500549316
0,46400,0.933284608,0.5116028785705566
0,46450,0.933284608,0.5107407569885254
0,46500,0.933284608,0.5188033580780029
0,46550,0.933284608,0.5412051677703857
0,46600,0.933284608,0.5078024864196777
0,46650,0.933284608,0.5319924354553223
0,46700,0.933284608,0.5425970554351807
0,46750,0.933284608,0.5521810054779053
0,46800,0.933284608,0.5282039642333984
0,46850,0.933284608,0.5243418216705322
0,46900,0.933284608,0.5375010967254639
0,46950,0.933284608,0.523820161819458
0,47000,0.933284608,0.5419657230377197
0,47050,0.933284608,0.5076854228973389
0,47100,0.933284608,0.506230354309082
0,47150,0.933284608,0.5052509307861328
0,47200,0.933284608,0.514415979385376
0,47250,0.933284608,0.5116622447967529
0,47300,0.933284608,0.5253779888153076
0,47350,0.933284608,0.5034189224243164
0,47400,0.933284608,0.5136148929595947
0,47450,0.933284608,0.5089287757873535
0,47500,0.933284608,0.5131099224090576
0,47550,0.933284608,0.5183849334716797
0,47600,0.933284608,0.5126965045928955
0,47650,0.933284608,0.5121800899505615
0,47700,0.933284608,0.5105507373809814
0,47750,0.933284608,0.5127468109130859
0,47800,0.933284608,0.5063703060150146
0,47850,0.933284608,0.5094814300537109
0,47900,0.933284608,0.508249044418335
0,47950,0.933284608,0.5262479782104492
0,48000,0.933284608,0.5108270645141602
0,48050,0.933284608,0.5371088981628418
0,48100,0.933284608,0.5100605487823486
0,48150,0.933284608,0.5100150108337402
0,48200,0.933284608,0.5051310062408447
0,48250,0.933284608,0.5069835186004639
0,48300,0.933284608,0.5249290466308594
0,48350,0.933284608,0.5177419185638428
0,48400,0.933284608,0.5244100093841553
0,48450,0.933284608,0.5339524745941162
0,48500,0.933284608,0.5150413513183594
0,48550,0.933284608,0.5286929607391357
0,48600,0.933284608,0.5256917476654053
0,48650,0.933284608,0.5218756198883057
0,48700,0.933284608,0.518225908279419
0,48750,0.933284608,0.5505192279815674
0,48800,0.933284608,0.5429823398590088
0,48850,0.933284608,0.5526366233825684
0,48900,0.933284608,0.5430076122283936
0,48950,0.933284608,0.5342237949371338
0,49000,0.933284608,0.5260162353515625
0,49050,0.933284608,0.5659430027008057
0,49100,0.933284608,0.5266537666320801
0,49150,0.933284608,0.5291097164154053
0,49200,0.933284608,0.5425448417663574
0,49250,0.933284608,0.5113391876220703
0,49300,0.933284608,0.5168466567993164
0,49350,0.933284608,0.5289247035980225
0,49400,0.933284608,0.5452303886413574
0,49450,0.933284608,0.5450737476348877
0,49500,0.933284608,0.5173182487487793
0,49550,0.933284608,0.5296761989593506
0,49600,0.933284608,0.5216844081878662
0,49650,0.933284608,0.5173780918121338
0,49700,0.933284608,0.5345959663391113
0,49750,0.933284608,0.5073983669281006
0,49800,0.933284608,0.5056507587432861
0,49850,0.933284608,0.5315864086151123
0,49900,0.875109888,0.5473253726959229
0,49950,0.875109888,0.5425498485565186
0,50000,0.875109888,0.547130823135376
0,50050,0.875109888,0.5212254524230957
0,50100,0.875109888,0.5173912048339844
0,50150,0.875109888,0.520674467086792
0,50200,0.875109888,0.5181460380554199
0,50250,0.875109888,0.5182926654815674
0,50300,0.875109888,0.5282533168792725
0,50350,0.875109888,0.5047962665557861
0,50400,0.875109888,0.5099096298217773
0,50450,0.875109888,0.5097334384918213
0,50500,0.875109888,0.5091252326965332
0,50550,0.875109888,0.5338594913482666
0,50600,0.875109888,0.512026309967041
0,50650,0.875109888,0.5045316219329834
0,50700,0.875109888,0.5150682926177979
0,50750,0.875109888,0.5085639953613281
0,50800,0.875109888,0.5077419281005859
0,50850,0.875109888,0.5017905235290527
0,50900,0.875109888,0.5175080299377441
0,50950,0.875109888,0.5086078643798828
0,51000,0.875109888,0.5124890804290771
0,51050,0.875109888,0.5099246501922607
0,51100,0.875109888,0.5185859203338623
0,51150,0.875109888,0.5116772651672363
0,51200,0.875109888,0.5253026485443115
0,51250,0.875109888,0.515042781829834
0,51300,0.875109888,0.5055756568908691
0,51350,0.875109888,0.527212381362915
0,51400,0.875109888,0.5191941261291504
0,51450,0.875109888,0.5036053657531738
0,51500,0.875109888,0.5173234939575195
0,51550,0.875109888,0.5153102874755859
0,51600,0.875109888,0.5395858287811279
0,51650,0.875109888,0.509084939956665
0,51700,0.875109888,0.5266146659851074
0,51750,0.875109888,0.5065250396728516
0,51800,0.875109888,0.5189857482910156
0,51850,0.875109888,0.513120174407959
0,51900,0.875109888,0.5123398303985596
0,51950,0.875109888,0.5442273616790771
0,52000,0.875109888,0.5342345237731934
0,52050,0.875109888,0.5323526859283447
0,52100,0.875109888,0.5420594215393066
0,52150,0.875109888,0.5374941825866699
0,52200,0.875109888,0.5358657836914062
0,52250,0.875109888,0.5285134315490723
0,52300,0.875109888,0.5155518054962158
0,52350,0.875109888,0.537255048751831
0,52400,0.875109888,0.5173380374908447
0,52450,0.875109888,0.551112174987793
0,52500,0.875109888,0.515068531036377
0,52550,0.875109888,0.5175578594207764
0,52600,0.875109888,0.5462455749511719
0,52650,0.875109888,0.5171747207641602
0,52700,0.875109888,0.535846471786499
0,52750,0.875109888,0.5168161392211914
0,52800,0.875109888,0.517197847366333
0,52850,0.875109888,0.5129449367523193
0,52900,0.875109888,0.518099308013916
0,52950,0.875109888,0.5358874797821045
0,53000,0.875109888,0.5521292686462402
0,53050,0.875109888,0.529282808303833
0,53100,0.875109888,0.5263395309448242
0,53150,0.875109888,0.5153403282165527
0,53200,0.875109888,0.5424644947052002
0,53250,0.875109888,0.5133204460144043
0,53300,0.875109888,0.5498127937316895
0,53350,0.875109888,0.5563414096832275
0,53400,0.875109888,0.5487263202667236
0,53450,0.875109888,0.5036227703094482
0,53500,0.875109888,0.5056595802307129
0,53550,0.875109888,0.5096771717071533
0,53600,0.875109888,0.5098564624786377
0,53650,0.875109888,0.5118002891540527
0,53700,0.875109888,0.5176036357879639
0,53750,0.875109888,0.5324068069458008
0,53800,0.875109888,0.5518882274627686
0,53850,0.875109888,0.5082564353942871
0,53900,0.875109888,0.507667064666748
0,53950,0.875109888,0.5359339714050293
0,54000,0.875109888,0.5121619701385498
0,54050,0.875109888,0.5343139171600342
0,54100,0.875109888,0.5283653736114502
0,54150,0.875109888,0.5150318145751953
0,54200,0.875109888,0.5174229145050049
0,54250,0.875109888,0.521277904510498
0,54300,0.875109888,0.5525319576263428
0,54350,0.875109888,0.5094377994537354
0,54400,0.875109888,0.5173001289367676
0,54450,0.875109888,0.5166308879852295
0,54500,0.875109888,0.51658034324646
0,54550,0.875109888,0.5175309181213379
0,54600,0.875109888,0.5201506614685059
0,54650,0.875109888,0.5427076816558838
0,54700,0.875109888,0.5364744663238525
0,54750,0.875109888,0.5392801761627197
0,54800,0.875109888,0.5111312866210938
0,54850,0.875109888,0.5190050601959229
0,54900,0.875109888,0.5309944152832031
0,54950,0.875109888,0.5276994705200195
0,55000,0.875109888,0.5199813842773438
0,55050,0.875109888,0.544374942779541
0,55100,0.875109888,0.5245094299316406
0,55150,0.875109888,0.5127334594726562
0,55200,0.875109888,0.5143578052520752
0,55250,0.875109888,0.5261070728302002
0,55300,0.875109888,0.5397467613220215
0,55350,0.875109888,0.5151240825653076
0,55400,0.875109888,0.5461647510528564
0,55450,0.875109888,0.5462110042572021
0,55500,0.875109888,0.5235512256622314
0,55550,0.875109888,0.5268795490264893
0,55600,0.875109888,0.5128602981567383
0,55650,0.875109888,0.5116124153137207
0,55700,0.875109888,0.5299320220947266
0,55750,0.875109888,0.5250775814056396
0,55800,0.875109888,0.5217306613922119
0,55850,0.875109888,0.5088057518005371
0,55900,0.875109888,0.5037069320678711
0,55950,0.875109888,0.5026323795318604
0,56000,0.875109888,0.5200343132019043
0,56050,0.875109888,0.5382440090179443
0,56100,0.875109888,0.5179548263549805
0,56150,0.875109888,0.5058839321136475
0,56200,0.875109888,0.5048120021820068
0,56250,0.875109888,0.5092899799346924
0,56300,0.875109888,0.5077362060546875
0,56350,0.875109888,0.5063619613647461
0,56400,0.875109888,0.5118401050567627
0,56450,0.875109888,0.506833553314209
0,56500,0.875109888,0.5358026027679443
0,56550,0.875109888,0.5119829177856445
0,56600,0.875109888,0.5078837871551514
0,56650,0.875109888,0.511939525604248
0,56700,0.875109888,0.5187315940856934
0,56750,0.875109888,0.5160965919494629
0,56800,0.875109888,0.5213642120361328
0,56850,0.875109888,0.5136270523071289
0,56900,0.875109888,0.514904260635376
0,56950,0.875109888,0.5103788375854492
0,57000,0.875109888,0.5079243183135986
0,57050,0.875109888,0.516394853591919
0,57100,0.875109888,0.513484001159668
0,57150,0.875109888,0.506951093673706
0,57200,0.875109888,0.5060760974884033
0,57250,0.875109888,0.5122387409210205
0,57300,0.875109888,0.5027446746826172
0,57350,0.875109888,0.5065760612487793
0,57400,0.875109888,0.5091762542724609
0,57450,0.875109888,0.511723518371582
0,57500,0.875109888,0.5103576183319092
0,57550,0.875109888,0.5040502548217773
0,57600,0.875109888,0.5175886154174805
0,57650,0.875109888,0.5166618824005127
0,57700,0.875109888,0.5074305534362793
0,57750,0.875109888,0.5074682235717773
0,57800,0.875109888,0.5135352611541748
0,57850,0.875109888,0.5081214904785156
0,57900,0.875109888,0.5263419151306152
0,57950,0.875109888,0.506361722946167
0,58000,0.875109888,0.5228264331817627
0,58050,0.875109888,0.5317208766937256
0,58100,0.875109888,0.5208253860473633
0,58150,0.875109888,0.5251450538635254
0,58200,0.875109888,0.539036750793457
0,58250,0.875109888,0.5256335735321045
0,58300,0.875109888,0.5491538047790527
0,58350,0.875109888,0.5435597896575928
0,58400,0.875109888,0.5429561138153076
0,58450,0.875109888,0.5378727912902832
0,58500,0.875109888,0.5456280708312988
0,58550,0.875109888,0.5135793685913086
0,58600,0.875109888,0.519155740737915
0,58650,0.875109888,0.5128316879272461
0,58700,0.875109888,0.5287806987762451
0,58750,0.875109888,0.5333709716796875
0,58800,0.875109888,0.5386683940887451
0,58850,0.875109888,0.5160138607025146
0,58900,0.875109888,0.5305557250976562
0,58950,0.875109888,0.5331375598907471
0,59000,0.875109888,0.5232930183410645
0,59050,0.875109888,0.5153706073760986
0,59100,0.875109888,0.5480833053588867
0,59150,0.875109888,0.5238451957702637
0,59200,0.875109888,0.5194785594940186
0,59250,0.875109888,0.5593760013580322
0,59300,0.875109888,0.5166311264038086
0,59350,0.875109888,0.5508730411529541
0,59400,0.875109888,0.5068912506103516
0,59450,0.875109888,0.5162656307220459
0,59500,0.875109888,0.5200738906860352
0,59550,0.875109888,0.5155878067016602
0,59600,0.875109888,0.5144665241241455
0,59650,0.875109888,0.5275306701660156
0,59700,0.875109888,0.5055530071258545
0,59750,0.875109888,0.5102269649505615
0,59800,0.875109888,0.5187971591949463
0,59850,0.875109888,0.5271015167236328
0,59900,0.875109888,0.542186975479126
0,59950,0.875109888,0.509171724319458
0,60000,0.875109888,0.5142221450805664
0,60050,0.875109888,0.5164783000946045
0,60100,0.875109888,0.5459716320037842
0,60150,0.875109888,0.5294308662414551
0,60200,0.875109888,0.5108799934387207
0,60250,0.875109888,0.5154938697814941
0,60300,0.875109888,0.5169835090637207
0,60350,0.875109888,0.5157480239868164
0,60400,0.875109888,0.5137972831726074
0,60450,0.875109888,0.5124545097351074
0,60500,0.875109888,0.5151190757751465
0,60550,0.875109888,0.5073339939117432
0,60600,0.875109888,0.5126609802246094
0,60650,0.875109888,0.5129632949829102
0,60700,0.875109888,0.506739616394043
0,60750,0.875109888,0.5088241100311279
0,60800,0.875109888,0.5096909999847412
0,60850,0.875109888,0.5321481227874756
0,60900,0.875109888,0.5228583812713623
0,60950,0.875109888,0.5160362720489502
0,61000,0.875109888,0.5315067768096924
0,61050,0.875109888,0.5155143737792969
0,61100,0.875109888,0.5236573219299316
0,61150,0.875109888,0.5256679058074951
0,61200,0.875109888,0.5199813842773438
0,61250,0.875109888,0.5676131248474121
0,61300,0.875109888,0.5390050411224365
0,61350,0.875109888,0.558387279510498
0,61400,0.875109888,0.5190067291259766
0,61450,0.875109888,0.5116651058197021
0,61500,0.875109888,0.5298299789428711
0,61550,0.875109888,0.5214052200317383
0,61600,0.875109888,0.5231797695159912
0,61650,0.875109888,0.5315475463867188
0,61700,0.875109888,0.5565989017486572
0,61750,0.875109888,0.5215981006622314
0,61800,0.875109888,0.5469391345977783
0,61850,0.875109888,0.5408427715301514
0,61900,0.875109888,0.5283465385437012
0,61950,0.875109888,0.545356273651123
0,62000,0.875109888,0.5231707096099854
0,62050,0.875109888,0.5229325294494629
0,62100,0.875109888,0.5349459648132324
0,62150,0.875109888,0.5470492839813232
0,62200,0.875109888,0.5371992588043213
0,62250,0.875109888,0.5160598754882812
0,62300,0.875109888,0.5380885601043701
0,62350,0.875109888,0.554356575012207
0,62400,0.875109888,0.5455498695373535
0,62450,0.875109888,0.5247900485992432
0,62500,0.875109888,0.5226235389709473
0,62550,0.875109888,0.5372147560119629
0,62600,0.875109888,0.5098042488098145
0,62650,0.875109888,0.5220546722412109
0,62700,0.875109888,0.5499012470245361
0,62750,0.875109888,0.5387527942657471
0,62800,0.875109888,0.5306644439697266
0,62850,0.875109888,0.530773401260376
0,62900,0.875109888,0.5072877407073975
0,62950,0.875109888,0.5231289863586426
0,63000,0.875109888,0.5226643085479736
0,63050,0.875109888,0.5119943618774414
0,63100,0.875109888,0.5321273803710938
0,63150,0.875109888,0.5452356338500977
0,63200,0.875109888,0.5095624923706055
0,63250,0.875109888,0.535804033279419
0,63300,0.875109888,0.5250756740570068
0,63350,0.875109888,0.5444495677947998
0,63400,0.875109888,0.5144460201263428
0,63450,0.875109888,0.5248711109161377
0,63500,0.875109888,0.5394036769866943
0,63550,0.875109888,0.5169351100921631
0,63600,0.875109888,0.5093729496002197
0,63650,0.875109888,0.514728307723999
0,63700,0.875109888,0.5112297534942627
0,63750,0.875109888,0.53741455078125
0,63800,0.875109888,0.5099363327026367
0,63850,0.875109888,0.5305695533752441
0,63900,0.875109888,0.5111145973205566
0,63950,0.875109888,0.5045609474182129
0,64000,0.875109888,0.5295095443725586
0,64050,0.875109888,0.5312368869781494
0,64100,0.875109888,0.5193405151367188
0,64150,0.875109888,0.5331368446350098
0,64200,0.875109888,0.5218474864959717
0,64250,0.875109888,0.5502960681915283
0,64300,0.875109888,0.5327098369598389
0,64350,0.875109888,0.5129711627960205
0,64400,0.875109888,0.5233509540557861
0,64450,0.875109888,0.5358388423919678
0,64500,0.875109888,0.512648344039917
0,64550,0.875109888,0.5358083248138428
0,64600,0.875109888,0.513507604598999
0,64650,0.875109888,0.5129184722900391
0,64700,0.875109888,0.5093250274658203
0,64750,0.875109888,0.5140175819396973
0,64800,0.875109888,0.5064961910247803
0,64850,0.875109888,0.5298058986663818
0,64900,0.875109888,0.535348653793335
0,64950,0.875109888,0.5108094215393066
0,65000,0.875109888,0.5115642547607422
0,65050,0.875109888,0.5186588764190674
0,65100,0.875109888,0.5039799213409424
0,65150,0.875109888,0.5142509937286377
0,65200,0.875109888,0.5064494609832764
0,65250,0.875109888,0.5051274299621582
0,65300,0.875109888,0.5282909870147705
0,65350,0.875109888,0.5207781791687012
0,65400,0.875109888,0.5222289562225342
0,65450,0.875109888,0.5222110748291016
0,65500,0.875109888,0.5290296077728271
0,65550,0.875109888,0.5208749771118164
0,65600,0.875109888,0.5179116725921631
0,65650,0.875109888,0.5072183609008789
0,65700,0.875109888,0.5071148872375488
0,65750,0.875109888,0.5515718460083008
0,65800,0.875109888,0.5262157917022705
0,65850,0.875109888,0.5080184936523438
0,65900,0.875109888,0.5184652805328369
0,65950,0.875109888,0.5335190296173096
0,66000,0.875109888,0.5122241973876953
0,66050,0.875109888,0.5239746570587158
0,66100,0.875109888,0.5211327075958252
0,66150,0.875109888,0.5235867500305176
0,66200,0.875109888,0.5071065425872803
0,66250,0.875109888,0.5185120105743408
0,66300,0.875109888,0.5197083950042725
0,66350,0.875109888,0.515385627746582
0,66400,0.875109888,0.5446221828460693
0,66450,0.875109888,0.5484299659729004
0,66500,0.875109888,0.5198876857757568
0,66550,0.875109888,0.5291330814361572
0,66600,0.875109888,0.5149049758911133
0,66650,0.875109888,0.5133113861083984
0,66700,0.875109888,0.5095582008361816
0,66750,0.875109888,0.5434517860412598
0,66800,0.875109888,0.5085129737854004
0,66850,0.875109888,0.512075662612915
0,66900,0.875109888,0.511322021484375
0,66950,0.875109888,0.5080485343933105
0,67000,0.875109888,0.5209512710571289
0,67050,0.875109888,0.5053539276123047
0,67100,0.875109888,0.5107145309448242
0,67150,0.875109888,0.5279741287231445
0,67200,0.875109888,0.5119972229003906
0,67250,0.875109888,0.5089378356933594
0,67300,0.875109888,0.5312309265136719
0,67350,0.875109888,0.5365192890167236
0,67400,0.875109888,0.5248193740844727
0,67450,0.875109888,0.507195234298706
0,67500,0.875109888,0.5073502063751221
0,67550,0.875109888,0.5083620548248291
0,67600,0.875109888,0.5126335620880127
0,67650,0.875109888,0.5128114223480225
0,67700,0.875109888,0.5129764080047607
0,67750,0.875109888,0.504706621170044
0,67800,0.875109888,0.5101230144500732
0,67850,0.875109888,0.5283153057098389
0,67900,0.875109888,0.5080525875091553
0,67950,0.875109888,0.5134379863739014
0,68000,0.875109888,0.5104649066925049
0,68050,0.875109888,0.5412518978118896
0,68100,0.875109888,0.5092911720275879
0,68150,0.875109888,0.5086383819580078
0,68200,0.875109888,0.5266339778900146
0,68250,0.875109888,0.5090446472167969
0,68300,0.875109888,0.501945972442627
0,68350,0.875109888,0.5107460021972656
0,68400,0.875109888,0.5454227924346924
0,68450,0.875109888,0.548271894454956
0,68500,0.875109888,0.5079925060272217
0,68550,0.875109888,0.5311539173126221
0,68600,0.875109888,0.545295238494873
0,68650,0.875109888,0.5180308818817139
0,68700,0.875109888,0.5225505828857422
0,68750,0.875109888,0.5182998180389404
0,68800,0.875109888,0.5178272724151611
0,68850,0.875109888,0.5413320064544678
0,68900,0.875109888,0.5240993499755859
0,68950,0.875109888,0.5549795627593994
0,69000,0.875109888,0.5453696250915527
0,69050,0.875109888,0.5502784252166748
0,69100,0.875109888,0.5043210983276367
0,69150,0.875109888,0.5535850524902344
0,69200,0.875109888,0.5177016258239746
0,69250,0.875109888,0.5129270553588867
0,69300,0.875109888,0.5420975685119629
0,69350,0.875109888,0.5415763854980469
0,69400,0.875109888,0.5400054454803467
0,69450,0.875109888,0.5417575836181641
0,69500,0.875109888,0.5154025554656982
0,69550,0.875109888,0.5379307270050049
0,69600,0.875109888,0.5495650768280029
0,69650,0.875109888,0.534644603729248
0,69700,0.875109888,0.5387682914733887
0,69750,0.875109888,0.5186057090759277
0,69800,0.875109888,0.5463845729827881
0,69850,0.875109888,0.534949779510498
0,69900,0.875109888,0.5283012390136719
0,69950,0.875109888,0.5182526111602783
0,70000,0.875109888,0.5354831218719482
0,70050,0.875109888,0.5406680107116699
0,70100,0.875109888,0.5478916168212891
0,70150,0.875109888,0.5454485416412354
0,70200,0.875109888,0.5171122550964355
0,70250,0.875109888,0.513075590133667
0,70300,0.875109888,0.5443859100341797
0,70350,0.875109888,0.5253734588623047
0,70400,0.875109888,0.5380635261535645
0,70450,0.875109888,0.5055277347564697
0,70500,0.875109888,0.5500333309173584
0,70550,0.875109888,0.5112228393554688
0,70600,0.875109888,0.5061416625976562
0,70650,0.875109888,0.5081033706665039
0,70700,0.875109888,0.507843017578125
0,70750,0.875109888,0.5081615447998047
0,70800,0.875109888,0.509314775466919
0,70850,0.875109888,0.5145065784454346
0,70900,0.875109888,0.5099785327911377
0,70950,0.875109888,0.5199577808380127
0,71000,0.875109888,0.5096747875213623
0,71050,0.875109888,0.5158312320709229
0,71100,0.875109888,0.5151729583740234
0,71150,0.875109888,0.5293450355529785
0,71200,0.875109888,0.5341997146606445
0,71250,0.875109888,0.5273535251617432
0,71300,0.875109888,0.5394573211669922
0,71350,0.875109888,0.5340921878814697
0,71400,0.875109888,0.5228164196014404
0,71450,0.875109888,0.5417571067810059
0,71500,0.875109888,0.523219108581543
0,71550,0.875109888,0.5439479351043701
0,71600,0.875109888,0.5299844741821289
0,71650,0.875109888,0.5458779335021973
0,71700,0.875109888,0.5130128860473633
0,71750,0.875109888,0.5436103343963623
0,71800,0.875109888,0.5440471172332764
0,71850,0.875109888,0.5221598148345947
0,71900,0.875109888,0.536583423614502
0,71950,0.875109888,0.5136961936950684
0,72000,0.875109888,0.5441591739654541
0,72050,0.875109888,0.511699914932251
0,72100,0.875109888,0.5336840152740479
0,72150,0.875109888,0.5089762210845947
0,72200,0.875109888,0.5158042907714844
0,72250,0.875109888,0.5326387882232666
0,72300,0.875109888,0.5144217014312744
0,72350,0.875109888,0.5030474662780762
0,72400,0.875109888,0.5275437831878662
0,72450,0.875109888,0.511014461517334
0,72500,0.875109888,0.512831449508667
0,72550,0.875109888,0.5106315612792969
0,72600,0.875109888,0.5116410255432129
0,72650,0.875109888,0.5238618850708008
0,72700,0.875109888,0.5134463310241699
0,72750,0.875109888,0.5069327354431152
0,72800,0.875109888,0.5241968631744385
0,72850,0.875109888,0.520247220993042
0,72900,0.875109888,0.5106146335601807
0,72950,0.875109888,0.5167098045349121
0,73000,0.875109888,0.5079362392425537
0,73050,0.875109888,0.5146126747131348
0,73100,0.875109888,0.5164124965667725
0,73150,0.875109888,0.5048282146453857
0,73200,0.875109888,0.5362851619720459
0,73250,0.875109888,0.5152385234832764
0,73300,0.875109888,0.5260181427001953
0,73350,0.875109888,0.5414249897003174
0,73400,0.875109888,0.5098876953125
0,73450,0.875109888,0.5270717144012451
0,73500,0.875109888,0.5093441009521484
0,73550,0.875109888,0.5465593338012695
0,73600,0.875109888,0.5563480854034424
0,73650,0.875109888,0.5185046195983887
0,73700,0.875109888,0.5237174034118652
0,73750,0.875109888,0.5118458271026611
0,73800,0.875109888,0.5329616069793701
0,73850,0.875109888,0.5630202293395996
0,73900,0.875109888,0.5235447883605957
0,73950,0.875109888,0.5221822261810303
0,74000,0.875109888,0.5164406299591064
0,74050,0.875109888,0.5236785411834717
0,74100,0.875109888,0.5239031314849854
0,74150,0.875109888,0.5257399082183838
0,74200,0.875109888,0.5141592025756836
0,74250,0.875109888,0.5514376163482666
0,74300,0.875109888,0.5182559490203857
0,74350,0.875109888,0.5223796367645264
0,74400,0.875109888,0.536431074142456
0,74450,0.875109888,0.5398461818695068
0,74500,0.875109888,0.51499342918396
0,74550,0.875109888,0.5141429901123047
0,74600,0.875109888,0.5323488712310791
0,74650,0.875109888,0.5229997634887695
0,74700,0.875109888,0.4992547035217285
0,74750,0.875109888,0.5350213050842285
0,74800,0.875109888,0.5115458965301514
